[
  {
    "index": 0,
    "timestamp": "2021-09-24 19:07:41.659005",
    "vote": {
      "voterAddr": "anurag",
      "candidateAddr": "candidateAddr"
    },
    "nonce": 872831,
    "prevhash": "0",
    "hash": "00000f141eb946abc359e4d24784f200afaed6e47e74ef04fedfc62e6cfcdd00"
  },
  {
    "index": 1,
    "timestamp": "2021-09-24 19:07:42.181197",
    "vote": {
      "voterAddr": "anu",
      "candidateAddr": "cand1"
    },
    "nonce": 432960,
    "prevhash": "00000f141eb946abc359e4d24784f200afaed6e47e74ef04fedfc62e6cfcdd00",
    "hash": "0000036654f4b0b063477f9477ea320fe8d1caf454fd88bcf6f253f4f6084e40"
  },
  {
    "index": 2,
    "timestamp": "2021-09-24 19:07:42.520066",
    "vote": {
      "voterAddr": "ayu",
      "candidateAddr": "cand2"
    },
    "nonce": 5939492,
    "prevhash": "0000036654f4b0b063477f9477ea320fe8d1caf454fd88bcf6f253f4f6084e40",
    "hash": "00000647f56373d09fd2a7cb44f458ba0f66ffaadd673dda106c22880a559c68"
  },
  {
    "index": 3,
    "timestamp": "2021-09-24 19:09:48.143604",
    "vote": {
      "voterAddr": "sirr",
      "candidateAddr": "cand33773"
    },
    "nonce": 528713,
    "prevhash": "00000647f56373d09fd2a7cb44f458ba0f66ffaadd673dda106c22880a559c68",
    "hash": "00000f7294e03c3dcce4367be9c1216721ccc47ec0af245415f7e5e2cfcccf8f"
  }
]
